{
  "token": "AAas",
  "code": 200,
  "data": {
    "hreatDetermination": [
      {"name": "恶意","value": "0"},
      {"name": "安全","value": "1"},
      {"name": "未知","value": "2"}
    ],
    "list":  [
      {"name": "黑名单","value": "0"},
      {"name": "白名单","value": "1"}
    ],
    "selectCountry": [
      {"name": "中国","value": "0"},
      {"name": "美国","value": "1"}
    ],
    "labelsssss": {
      "扫描":["扫描0","扫描1","扫描2","扫描3","扫描4","扫描5","扫描6","扫描7","扫描8","扫描9"],
      "IDC服务器":["IDC服务器0","IDC服务器1","IDC服务器2","IDC服务器3","IDC服务器4","IDC服务器5","IDC服务器6","IDC服务器7","IDC服务器8","IDC服务器9"],
      "代理IP":["代理IP0","代理IP1","代理IP2","代理IP3","代理IP4","代理IP5","代理IP6","代理IP7","代理IP8","代理IP9"],
      "黑产IP":["黑产IP0","黑产IP1","黑产IP2","黑产IP3","黑产IP4","黑产IP5","黑产IP6","黑产IP7","黑产IP8","黑产IP9"],
      "C&C":["C&C0","C&C1","C&C2","C&C3","C&C4","C&C5","C&C6","C&C7","C&C8","C&C9"],
      "不良网站":["不良网站0","不良网站1","不良网站2","不良网站3","不良网站4","不良网站5","不良网站6","不良网站7","不良网站8","不良网站9"],
      "匿名服务":["匿名服务0","匿名服务1","匿名服务2","匿名服务3","匿名服务4","匿名服务5","匿名服务6","匿名服务7","匿名服务8","匿名服务9"],
      "蠕虫":["蠕虫0","蠕虫1","蠕虫2","蠕虫3","蠕虫4","蠕虫5","蠕虫6","蠕虫7","蠕虫8","蠕虫9"],
      "僵尸网络":["僵尸网络0","僵尸网络1","僵尸网络2","僵尸网络3","僵尸网络4","僵尸网络5","僵尸网络6","僵尸网络7","僵尸网络8","僵尸网络9"],
      "勒索软件":["勒索软件0","勒索软件1","勒索软件2","勒索软件3","勒索软件4","勒索软件5","勒索软件6","勒索软件7","勒索软件8","勒索软件9"],
      "垃圾邮件":["垃圾邮件0","垃圾邮件1","垃圾邮件2","垃圾邮件3","垃圾邮件4","垃圾邮件5","垃圾邮件6","垃圾邮件7","垃圾邮件8","垃圾邮件9"],
      "商业网路":["商业网路0","商业网路1","商业网路2","商业网路3","商业网路4","商业网路5","商业网路6","商业网路7","商业网路8","商业网路9"],
      "动态IP":["动态IP0","动态IP1","动态IP2","动态IP3","动态IP4","动态IP5","动态IP6","动态IP7","动态IP8","动态IP9"],
      "矿池":["矿池0","矿池1","矿池2","矿池3","矿池4","矿池5","矿池6","矿池7","矿池8","矿池9"],
      "漏洞利用":["漏洞利用0","漏洞利用1","漏洞利用2","漏洞利用3","漏洞利用4","漏洞利用5","漏洞利用6","漏洞利用7","漏洞利用8","漏洞利用9"],
      "APT组织":["APT组织0","APT组织1","APT组织2","APT组织3","APT组织4","APT组织5","APT组织6","APT组织7","APT组织8","APT组织9"],
      "钓鱼地址":["钓鱼地址0","钓鱼地址1","钓鱼地址2","钓鱼地址3","钓鱼地址4","钓鱼地址5","钓鱼地址6","钓鱼地址7","钓鱼地址8","钓鱼地址9"],
      "失陷主机":["失陷主机0","失陷主机1","失陷主机2","失陷主机3","失陷主机4","失陷主机5","失陷主机6","失陷主机7","失陷主机8","失陷主机9"],
      "暗网":["暗网0","暗网1","暗网2","暗网3","暗网4","暗网5","暗网6","暗网7","暗网8","暗网9"],
      "DNS劫持":["DNS劫持0","DNS劫持1","DNS劫持2","DNS劫持3","DNS劫持4","DNS劫持5","DNS劫持6","DNS劫持7","DNS劫持8","DNS劫持9"],
      "恶意软件":["恶意软件0","恶意软件1","恶意软件2","恶意软件3","恶意软件4","恶意软件5","恶意软件6","恶意软件7","恶意软件8","恶意软件9"],
      "放马地址":["放马地址0","放马地址1","放马地址2","放马地址3","放马地址4","放马地址5","放马地址6","放马地址7","放马地址8","放马地址9"],
      "网络攻击":["网络攻击0","网络攻击1","网络攻击2","网络攻击3","网络攻击4","网络攻击5","网络攻击6","网络攻击7","网络攻击8","网络攻击9"],
      "DDOS攻击":["DDOS攻击0","DDOS攻击1","DDOS攻击2","DDOS攻击3","DDOS攻击4","DDOS攻击5","DDOS攻击6","DDOS攻击7","DDOS攻击8","DDOS攻击9"],
      "可疑":["可疑0","可疑1","可疑2","可疑3","可疑4","可疑5","可疑6","可疑7","可疑8","可疑9"]
    },
    "label": [
      {"name":"扫描","labelList":["扫描0","扫描1","扫描2","扫描3","扫描4","扫描5","扫描6","扫描7","扫描8","扫描9"]},
      {"name":"IDC服务器","labelList":["IDC服务器0","IDC服务器1","IDC服务器2","IDC服务器3","IDC服务器4","IDC服务器5","IDC服务器6","IDC服务器7","IDC服务器8","IDC服务器9"]},
      {"name":"代理IP","labelList":["代理IP0","代理IP1","代理IP2","代理IP3","代理IP4","代理IP5","代理IP6","代理IP7","代理IP8","代理IP9"]},
      {"name":"黑产IP","labelList":["黑产IP0","黑产IP1","黑产IP2","黑产IP3","黑产IP4","黑产IP5","黑产IP6","黑产IP7","黑产IP8","黑产IP9"]},
      {"name":"C&C","labelList":["C&C0","C&C1","C&C2","C&C3","C&C4","C&C5","C&C6","C&C7","C&C8","C&C9"]},
      {"name":"不良网站","labelList":["不良网站0","不良网站1","不良网站2","不良网站3","不良网站4","不良网站5","不良网站6","不良网站7","不良网站8","不良网站9"]},
      {"name":"匿名服务","labelList":["匿名服务0","匿名服务1","匿名服务2","匿名服务3","匿名服务4","匿名服务5","匿名服务6","匿名服务7","匿名服务8","匿名服务9"]},
      {"name":"蠕虫","labelList":["蠕虫0","蠕虫1","蠕虫2","蠕虫3","蠕虫4","蠕虫5","蠕虫6","蠕虫7","蠕虫8","蠕虫9"]},
      {"name":"僵尸网络","labelList":["僵尸网络0","僵尸网络1","僵尸网络2","僵尸网络3","僵尸网络4","僵尸网络5","僵尸网络6","僵尸网络7","僵尸网络8","僵尸网络9"]},
      {"name":"勒索软件","labelList":["勒索软件0","勒索软件1","勒索软件2","勒索软件3","勒索软件4","勒索软件5","勒索软件6","勒索软件7","勒索软件8","勒索软件9"]},
      {"name":"垃圾邮件","labelList":["垃圾邮件0","垃圾邮件1","垃圾邮件2","垃圾邮件3","垃圾邮件4","垃圾邮件5","垃圾邮件6","垃圾邮件7","垃圾邮件8","垃圾邮件9"]},
      {"name":"商业网路","labelList":["商业网路0","商业网路1","商业网路2","商业网路3","商业网路4","商业网路5","商业网路6","商业网路7","商业网路8","商业网路9"]},
      {"name":"动态IP","labelList":["动态IP0","动态IP1","动态IP2","动态IP3","动态IP4","动态IP5","动态IP6","动态IP7","动态IP8","动态IP9"]},
      {"name":"矿池","labelList":["矿池0","矿池1","矿池2","矿池3","矿池4","矿池5","矿池6","矿池7","矿池8","矿池9"]},
      {"name":"漏洞利用","labelList":["漏洞利用0","漏洞利用1","漏洞利用2","漏洞利用3","漏洞利用4","漏洞利用5","漏洞利用6","漏洞利用7","漏洞利用8","漏洞利用9"]},
      {"name":"APT组织","labelList":["APT组织0","APT组织1","APT组织2","APT组织3","APT组织4","APT组织5","APT组织6","APT组织7","APT组织8","APT组织9"]},
      {"name":"钓鱼地址","labelList":["钓鱼地址0","钓鱼地址1","钓鱼地址2","钓鱼地址3","钓鱼地址4","钓鱼地址5","钓鱼地址6","钓鱼地址7","钓鱼地址8","钓鱼地址9"]},
      {"name":"失陷主机","labelList":["失陷主机0","失陷主机1","失陷主机2","失陷主机3","失陷主机4","失陷主机5","失陷主机6","失陷主机7","失陷主机8","失陷主机9"]},
      {"name":"暗网","labelList":["暗网0","暗网1","暗网2","暗网3","暗网4","暗网5","暗网6","暗网7","暗网8","暗网9"]},
      {"name":"DNS劫持","labelList":["DNS劫持0","DNS劫持1","DNS劫持2","DNS劫持3","DNS劫持4","DNS劫持5","DNS劫持6","DNS劫持7","DNS劫持8","DNS劫持9"]},
      {"name":"恶意软件","labelList":["恶意软件0","恶意软件1","恶意软件2","恶意软件3","恶意软件4","恶意软件5","恶意软件6","恶意软件7","恶意软件8","恶意软件9"]},
      {"name":"放马地址","labelList":["放马地址0","放马地址1","放马地址2","放马地址3","放马地址4","放马地址5","放马地址6","放马地址7","放马地址8","放马地址9"]},
      {"name":"网络攻击","labelList":["网络攻击0","网络攻击1","网络攻击2","网络攻击3","网络攻击4","网络攻击5","网络攻击6","网络攻击7","网络攻击8","网络攻击9"]},
      {"name":"DDOS攻击","labelList":["DDOS攻击0","DDOS攻击1","DDOS攻击2","DDOS攻击3","DDOS攻击4","DDOS攻击5","DDOS攻击6","DDOS攻击7","DDOS攻击8","DDOS攻击9"]},
      {"name":"可疑","labelList":["可疑0","可疑1","可疑2","可疑3","可疑4","可疑5","可疑6","可疑7","可疑8","可疑9"]}
    ]
  }
}
