{
  "token": "asdfs",
  "code": 200,
  "data": [
    {
      "title": "这里放标题0",
      "name": "lyjnw",
      "time": "2020-01-01",
      "state": "已发布",
      "domain": "域名",
      "hreatDetermination": "恶意",
      "list": "白名单",
      "attackIndustry": "攻击行业",
      "selectCountry": "中国",
      "selectProvince": "北京",
      "selectCity": "朝阳区",
      "type": "类型",
      "fileType": "文件类型",
      "findMode": "发现方式",
      "attackIp": "攻击的ip数",
      "attackDomain": "被攻击域名",
      "hostSize": "主机发现次数",
      "attackStartTime": "2016-01-01",
      "attackEndTime": "2016-01-01",
      "attackSize": "攻击次数",
      "attackEvent": "相关事件",
      "textareaDescribe": "详细描述",
      "labelList": {
        "name": "商业网路",
        "list": ["商业网路0","商业网路1","商业网路2","商业网路3","商业网路4","商业网路5","商业网路6","商业网路7","商业网路8","商业网路9"]
      },
      "labelListAdd": ["自定义标签列表01","自定义标签列表02","自定义标签列表03"]
    },
    {
      "title": "这里放标题1",
      "name": "lyjnw",
      "time": "2020-01-01",
      "state": "已发布",
      "domain": "域名",
      "hreatDetermination": "未知",
      "list": "黑名单",
      "attackIndustry": "攻击行业",
      "selectCountry": "中国",
      "selectProvince": "上海",
      "selectCity": "静安",
      "type": "类型",
      "fileType": "文件类型",
      "findMode": "发现方式",
      "attackIp": "攻击的ip数",
      "attackDomain": "被攻击域名",
      "hostSize": "主机发现次数",
      "attackStartTime": "2020-01-01",
      "attackEndTime": "2021-01-01",
      "attackSize": "攻击次数",
      "attackEvent": "相关事件",
      "textareaDescribe": "详细描述",
      "labelList": {
        "name": "匿名服务",
        "list": ["匿名服务0","匿名服务1","匿名服务2","匿名服务3","匿名服务4","匿名服务5","匿名服务6","匿名服务7","匿名服务8","匿名服务9"]
      },
      "labelListAdd": ["自定义标签列表02","自定义标签列表03"]
    }
  ],
  "data01": [
    {
      "title": "这里放标题2",
      "lable": "矿池,门罗币,挖矿,自定义的标签",
      "address": "中国/山东/济南",
      "severity": "严重",
      "name": "lyjnw",
      "time": "2020-01-01",
      "state": "已发布"
    },
    {
      "title": "这里放标题1",
      "name": "lyjnw",
      "time": "2020-01-01",
      "state": "已发布",
      "domain": "域名",
      "hreatDetermination": "未知",
      "list": "所在名单",
      "attackIndustry": "攻击行业",
      "selectCountry": "中国",
      "selectProvince": "上海",
      "selectCity": "静安",
      "type": "类型",
      "fileType": "文件类型",
      "findMode": "发现方式",
      "attackIp": "攻击的ip数",
      "attackDomain": "被攻击域名",
      "hostSize": "主机发现次数",
      "attackStartTime": "攻击开始时间",
      "attackEndTime": "攻击结束时间",
      "attackSize": "攻击次数",
      "attackEvent": "相关事件",
      "textareaDescribe": "详细描述",
      "labelList": ["矿池","门罗币","挖矿"],
      "labelListAdd": ["自定义标签列表02","自定义标签列表03"]
    }
  ]
}
