{
  "token": "AAas",
  "code": 200,
  "menu": [
    {
      "searchValue": "null",
      "createBy": "null",
      "createTime": "2020-03-23 07:07:23",
      "updateBy": "null",
      "updateTime": "null",
      "remark": "null",
      "params": {},
      "menuId": 1,
      "title": "威胁情报平台",
      "parentName": "null",
      "parentId": 0,
      "orderNum": "1",
      "url": "threatPlatformIndex",
      "fileUrl": "threatPlatform",
      "target": "menuItem",
      "menuType": "M",
      "visible": "0",
      "perms": "",
      "icon": "#"
    },
    {
      "searchValue": "null",
      "createBy": "null",
      "createTime": "2020-03-23 07:07:23",
      "updateBy": "null",
      "updateTime": "null",
      "remark": "null",
      "params": {},
      "menuId": 2,
      "title": "威胁情报后台",
      "parentName": "null",
      "parentId": 0,
      "orderNum": "2",
      "url": "threatBackstageIndex",
      "fileUrl": "threatBackstage",
      "target": "menuItem",
      "menuType": "M",
      "visible": "0",
      "perms": "",
      "icon": "#",
      "children": [
        {
          "searchValue": "null",
          "createBy": "null",
          "createTime": "2020-03-23 07:07:23",
          "updateBy": "null",
          "updateTime": "null",
          "remark": "null",
          "params": {},
          "menuId": 21,
          "title": "情报管理",
          "parentName": "null",
          "parentId": 2,
          "orderNum": "12",
          "url": "intelligenceManagement",
          "fileUrl": "threatBackstage",
          "target": "menuItem",
          "menuType": "M",
          "visible": "0",
          "perms": "",
          "icon": "#"
        },
        {
          "searchValue": "null",
          "createBy": "null",
          "createTime": "2020-03-23 07:07:23",
          "updateBy": "null",
          "updateTime": "null",
          "remark": "null",
          "params": {},
          "menuId": 22,
          "title": "标签管理",
          "parentName": "null",
          "parentId": 2,
          "orderNum": "12",
          "url": "labelManagement",
          "fileUrl": "threatBackstage",
          "target": "menuItem",
          "menuType": "M",
          "visible": "0",
          "perms": "",
          "icon": "#"
        }
      ]
    },
    {
      "searchValue": "null",
      "createBy": "null",
      "createTime": "2020-03-23 07:07:23",
      "updateBy": "null",
      "updateTime": "null",
      "remark": "null",
      "params": {},
      "menuId": 3,
      "title": "用户管理后台",
      "parentName": "null",
      "parentId": 0,
      "orderNum": "3",
      "url": "userManagementIndex",
      "fileUrl": "userManagement",
      "target": "menuItem",
      "menuType": "M",
      "visible": "0",
      "perms": "",
      "icon": "#",
      "children": [
        {
          "searchValue": "null",
          "createBy": "null",
          "createTime": "2020-03-23 07:07:23",
          "updateBy": "null",
          "updateTime": "null",
          "remark": "null",
          "params": {},
          "menuId": 31,
          "title": "用户管理",
          "parentName": "null",
          "parentId": 3,
          "orderNum": "31",
          "url": "userManage",
          "fileUrl": "userManagement",
          "target": "menuItem",
          "menuType": "M",
          "visible": "0",
          "perms": "",
          "icon": "#"
        },
        {
          "searchValue": "null",
          "createBy": "null",
          "createTime": "2020-03-23 07:07:23",
          "updateBy": "null",
          "updateTime": "null",
          "remark": "null",
          "params": {},
          "menuId": 32,
          "title": "角色管理",
          "parentName": "null",
          "parentId": 3,
          "orderNum": "32",
          "url": "userRoleManage",
          "fileUrl": "userManagement",
          "target": "menuItem",
          "menuType": "M",
          "visible": "0",
          "perms": "",
          "icon": "#"
        },
        {
          "searchValue": "null",
          "createBy": "null",
          "createTime": "2020-03-23 07:07:23",
          "updateBy": "null",
          "updateTime": "null",
          "remark": "null",
          "params": {},
          "menuId": 33,
          "title": "菜单管理",
          "parentName": "null",
          "parentId": 3,
          "orderNum": "33",
          "url": "userMenuManage",
          "fileUrl": "userManagement",
          "target": "menuItem",
          "menuType": "M",
          "visible": "0",
          "perms": "",
          "icon": "#"
        }
      ]
    }
  ]
}
