{
  "token": "AAas",
  "menu": [
    {
      "searchValue": "null",
      "createBy": "null",
      "createTime": "2020-03-23 07:07:23",
      "updateBy": "null",
      "updateTime": "null",
      "remark": "null",
      "params": {},
      "menuId": 0,
      "menuName": "威胁情报平台",
      "parentName": "null",
      "parentId": 0,
      "orderNum": "1",
      "url": "threatPlatformIndex",
      "fileUrl": "threatPlatform",
      "target": "menuItem",
      "menuType": "M",
      "visible": "0",
      "perms": "",
      "icon": "#"
    },
    {
      "searchValue": "null",
      "createBy": "null",
      "createTime": "2020-03-23 07:07:23",
      "updateBy": "null",
      "updateTime": "null",
      "remark": "null",
      "params": {},
      "menuId": 0,
      "menuName": "威胁情报后台",
      "parentName": "null",
      "parentId": 0,
      "orderNum": "2",
      "url": "threatBackstageIndex",
      "fileUrl": "threatBackstage",
      "target": "menuItem",
      "menuType": "M",
      "visible": "0",
      "perms": "",
      "icon": "#"
    },
    {
      "searchValue": "null",
      "createBy": "null",
      "createTime": "2020-03-23 07:07:23",
      "updateBy": "null",
      "updateTime": "null",
      "remark": "null",
      "params": {},
      "menuId": 0,
      "menuName": "用户管理后台",
      "parentName": "null",
      "parentId": 0,
      "orderNum": "3",
      "url": "userManagementIndex",
      "fileUrl": "userManagement",
      "target": "menuItem",
      "menuType": "M",
      "visible": "0",
      "perms": "",
      "icon": "#"
    }
  ]
}
