{
  "token": "AAas",
  "code": 200,
  "data": {
      "0-0":[
        {"name": "东城区","value": "0-0-0"},
        {"name": "西城区","value": "0-0-1"},
        {"name": "朝阳区","value": "0-0-2"},
        {"name": "丰台区","value": "0-0-3"}
      ],
      "0-1": [
        {"name": "黄浦","value": "0-1-0"},
        {"name": "徐汇","value": "0-1-1"},
        {"name": "长宁","value": "0-1-2"},
        {"name": "静安","value": "0-1-3"}
      ],
      "1-0":[
        {"name": "上东区","value": "1-0-0"},
        {"name": "上西区","value": "1-0-1"},
        {"name": "中国城","value": "1-0-2"},
        {"name": "苏活区","value": "1-0-3"}
      ],
      "1-1": [
        {"name": "洛杉矶县","value": "1-1-0"},
        {"name": "奥兰治县","value": "1-1-1"},
        {"name": "文图拉县","value": "1-1-2"},
        {"name": "里弗赛德县","value": "1-1-3"}
      ]
  }
}
