{
  "token": "AAas",
  "code": 200,
  "data": [
    {
      "listId": 0,
      "title": "域名字段演示",
      "state": "0",
      "name": "lyjnw",
      "time": "2020-01-01",
      "list": "矿池,门罗币挖矿,自定义的标签",
      "intelligence": "恶意",
      "country": "中国",
      "region": "济南",
      "events": "阿斯顿发斯蒂芬阿斯蒂芬撒旦法阿斯蒂芬阿斯顿发斯蒂芬阿斯蒂芬撒旦法阿斯蒂芬阿斯顿",
      "details": "暂无"
    },
    {
      "listId": 1,
      "title": "IP字段演示",
      "state": "1",
      "name": "lyjnw",
      "time": "2020-01-01",
      "list": "内部蜜罐,门罗币挖矿,自定义的标签",
      "intelligence": "恶意",
      "country": "中国",
      "region": "泰安",
      "events": "阿斯顿发斯蒂芬阿斯蒂芬撒旦法阿斯蒂芬",
      "details": "碍事法师撒旦法阿斯蒂芬 sdfasdf "
    },
    {
      "listId": 2,
      "title": "进程路径/hash演示",
      "state": "0",
      "name": "lyjnw",
      "time": "2020-01-01",
      "list": "矿池,门罗币挖矿,自定义的标签",
      "intelligence": "恶意",
      "country": "中国",
      "region": "背景",
      "events": "阿斯顿发斯蒂芬阿斯蒂芬撒旦法阿斯蒂芬",
      "details": "暂无"
    }
  ]
}
