{
  "token": "AAas",
  "code": 200,
  "data": [
    {"name": "管理员1","value": "0"},
    {"name": "管理员2","value": "1"},
    {"name": "管理员3","value": "2"},
    {"name": "管理员4","value": "3"},
    {"name": "管理员5","value": "4"},
    {"name": "管理员6","value": "5"},
    {"name": "管理员7","value": "6"},
    {"name": "管理员8","value": "7"},
    {"name": "管理员9","value": "8"},
    {"name": "管理员10","value": "9"},
    {"name": "管理员11","value": "10"},
    {"name": "管理员12","value": "11"},
    {"name": "管理员13","value": "12"},
    {"name": "管理员14","value": "13"}
  ]
}
